acc_x, acc_y, angular_z, stamp, 
0.0213700532913208,0.0013570189476013184,-1.614984189818902e-10,1791572806910291453
-0.03650057315826416,-0.014592409133911133,-1.9843063795921376e-06,1791572806940328334
0.002870619297027588,-0.00908428430557251,1.9287065817067464e-06,1791572806971234675
0.01699364185333252,0.030373990535736084,2.613903833405384e-10,1791572807000316851
-0.015891730785369873,-0.018251657485961914,4.122787379269327e-10,1791572807031177143
-0.02868431806564331,-0.007428407669067383,5.245127799509234e-10,1791572807062372446
-0.014225244522094727,0.017853140830993652,-1.8611904824430425e-06,1791572807094388966
0.009124815464019775,0.007116436958312988,4.856225854121122e-10,1791572807121073293
0.010836362838745117,0.008846759796142578,4.66607864359681e-10,1791572807150945884
-0.003915727138519287,-0.02702653408050537,5.360859255408425e-10,1791572807180891505
-0.011239707469940186,0.007264196872711182,-1.982348859310845e-06,1791572807210949774
0.012115240097045898,-0.0016478896141052246,6.203004910913116e-10,1791572807241084618
-0.004161536693572998,0.007332563400268555,6.296866848840341e-10,1791572807270857006
-0.007928252220153809,0.0019258856773376465,6.402663601721071e-10,1791572807302163715
-0.03127545118331909,-0.003359198570251465,-1.917359111186619e-06,1791572807333240552
0.02469038963317871,0.009207189083099365,5.441531490715905e-10,1791572807360702996
0.019457221031188965,0.017946720123291016,3.5253672345550154e-10,1791572807390630113
-0.04571765661239624,0.01932436227798462,3.123911508409837e-10,1791572807450752755
0.017317593097686768,0.02089214324951172,-2.004188934383031e-06,1791572807480489902
0.028152823448181152,0.01160430908203125,-1.9887130863715916e-06,1791572807510460347
0.011861085891723633,-0.0031148195266723633,-2.4312925048096578e-11,1791572807542639828
-0.0008855462074279785,0.005685567855834961,-7.11288216730035e-11,1791572807573117102
-0.03312361240386963,0.012647092342376709,-1.7718580081036844e-10,1791572807599320352
0.008523941040039062,-0.005555629730224609,-1.5964540991916293e-10,1791572807630175290
-0.014621198177337646,-0.009220302104949951,-8.053817442018544e-11,1791572807653025642
-1.0371208190917969e-05,0.01747608184814453,-1.4741319093127954e-10,1791572807690187587
-0.010448992252349854,0.0004170536994934082,-3.08163296264107e-11,1791572807719315829
-0.016119718551635742,0.021982431411743164,0.0011201452229243972,1791572807750125310
0.5278506278991699,0.1339893341064453,0.006575256401629445,1791572807782098452
0.26783472299575806,0.3778402805328369,0.20072852688528334,1791572807809881744
1.8961057662963867,0.14947831630706787,0.38312253378650357,1791572807839855049
-0.021950244903564453,0.18568480014801025,0.39342936777225535,1791572807869785508
0.1992008090019226,-0.19739168882369995,0.47211147166284906,1791572807899788615
0.6445721983909607,0.3666353225708008,0.5401666488781512,1791572807929715081
0.5504595637321472,0.271295964717865,0.6249727060719007,1791572807959683513
0.4363976716995239,0.12289035320281982,0.6573934658462618,1791572807990677103
0.2839019298553467,0.3317158818244934,0.7334709586714951,1791572808022110280
0.23059988021850586,-0.062023282051086426,0.9557368643028267,1791572808049582940
0.5308422446250916,0.43191248178482056,0.9175656337910436,1791572808079468118
0.2888786196708679,0.40375053882598877,0.9052029711271015,1791572808109410522
-0.3380351662635803,0.07056403160095215,0.9187951376054035,1791572808139419072
-0.356611967086792,-0.044279396533966064,0.9291064163689903,1791572808169340296
-0.19005656242370605,-0.08707624673843384,0.899207264922407,1791572808199359826
-0.0885239839553833,-0.00553286075592041,0.8411143930549294,1791572808229319893
0.4115843176841736,0.28347158432006836,0.7356005977609181,1791572808262351209
-0.3520163893699646,0.36483633518218994,0.8596153312587486,1791572808289220567
0.030898213386535645,-0.48073339462280273,0.7496246559563438,1791572808319112730
0.1578456163406372,-0.007651627063751221,0.7571578313107566,1791572808349053053
0.1500844955444336,1.0048775672912598,0.7928164112667794,1791572808379155670
-0.009508371353149414,-0.031967878341674805,0.7923398040540561,1791572808408943286
-0.31486058235168457,-0.38743823766708374,0.7644340991406006,1791572808438903530
0.1855660080909729,0.029944539070129395,0.7114260020496609,1791572808470159351
-0.11318421363830566,0.5230661034584045,0.6919329772745341,1791572808502751576
0.40998440980911255,0.1950497031211853,0.8496078078058923,1791572808528801067
-0.47521865367889404,-0.4434664249420166,0.7345852349969682,1791572808558786083
0.1781654953956604,-0.43329840898513794,0.7059152356649925,1791572808588783965
-0.011323153972625732,0.7505596280097961,0.6715045041070472,1791572808618733370
0.1843433380126953,0.907286524772644,0.671135015703816,1791572808648796404
-0.40256059169769287,0.37606215476989746,0.7011713507712244,1791572808678785228
0.12575024366378784,-0.6612125039100647,0.6561333768494916,1791572808710467585
-0.35271310806274414,0.08133769035339355,0.6819167336273505,1791572808740447471
0.6486909985542297,0.5565418004989624,0.7296405663208937,1791572808768459129
-0.5092166662216187,-0.19734817743301392,0.6718435783089273,1791572808798383779
0.10065066814422607,-0.18176835775375366,0.7027053488092143,1791572808827319111
-0.02544224262237549,0.36745816469192505,0.6662094369944679,1791572808857287098
0.4008907079696655,0.005270421504974365,0.6256687909357127,1791572808888171170
-0.33903223276138306,0.14394986629486084,0.6273833165993985,1791572808918227150
0.1532268524169922,-0.29722946882247925,0.5991930854265478,1791572808950780181
0.02369147539138794,0.30004268884658813,0.7073832503322687,1791572808978105598
0.08419805765151978,0.6242693066596985,0.606530751065384,1791572809008038001
-0.2878590226173401,-0.4855133295059204,0.6281136765717777,1791572809037966519
0.24494832754135132,-0.4231962561607361,0.6472011282755391,1791572809067899183
-0.06105095148086548,1.0715128183364868,0.6020551406824552,1791572809097906383
-0.05832856893539429,0.08643341064453125,0.5878591317267196,1791572809127832946
-0.11695438623428345,-0.8374714851379395,0.5909985674974572,1791572809158420386
0.25926101207733154,0.7384233474731445,0.5502370581739453,1791572809190481073
-0.02380770444869995,0.7475945949554443,0.6583828619137478,1791572809217760524
-0.13170558214187622,-0.5846181511878967,0.6026578733089262,1791572809247630527
-0.0711134672164917,-0.11986035108566284,0.5660144438984497,1791572809277615354
0.16688621044158936,0.628437876701355,0.5879846673087225,1791572809307571413
-0.19389688968658447,0.11976951360702515,0.5766754921865682,1791572809337482153
-0.48289793729782104,-0.6982969641685486,0.5530757846613688,1791572809367817602
0.35754722356796265,0.4657477140426636,0.5390721660160404,1791572809397689083
-0.24694335460662842,0.5369721055030823,0.5011114877476692,1791572809430223425
0.07200825214385986,-0.8917427062988281,0.610627444143234,1791572809457366207
-0.22042745351791382,0.07989656925201416,0.5628066993410542,1791572809487251622
0.4087918996810913,1.3953949213027954,0.5485330443084738,1791572809517165660
-0.11172860860824585,-0.6009845733642578,0.5192453447903542,1791572809547204283
-0.09366410970687866,-0.7364095449447632,0.5107845657987297,1791572809577180588
-0.10519003868103027,1.0479481220245361,0.5243899402623777,1791572809607085482
-0.2199077010154724,-0.33801835775375366,0.5241087215933532,1791572809638040928
-0.28609752655029297,-0.5886149406433105,0.4797605083748917,1791572809670255240
0.17736613750457764,1.0294296741485596,0.5860275579066696,1791572809696906120
0.07126563787460327,-0.04830902814865112,0.5150369288189138,1791572809726871532
-0.35494285821914673,-0.5052752494812012,0.4883656169666758,1791572809756833152
0.39801156520843506,0.6206013560295105,0.5238779897657547,1791572809786891243
-0.3139410614967346,0.4591248631477356,0.5207492293430506,1791572809816742616
0.12199485301971436,-0.6135340929031372,0.46739068293740577,1791572809846796074
-0.15367573499679565,-0.006116926670074463,0.4687032978718306,1791572809878075178
0.015573382377624512,0.804899275302887,0.46486778654613603,1791572809909397985
-0.1158866286277771,-0.5900866985321045,0.5418054947011123,1791572809936570639
-0.029941976070404053,-0.07891738414764404,0.47010018712164586,1791572809966553021
0.1093401312828064,0.7421834468841553,0.45943572599986093,1791572809996542270
-0.3803243041038513,-0.7465934753417969,0.4700834016974345,1791572810026503250
-0.27527064085006714,-0.5739051103591919,0.4547163738380155,1791572810056765474
0.030352413654327393,0.344399631023407,0.4980255112808753,1791572810086709817
-0.013090670108795166,0.3651723265647888,0.4664785806378628,1791572810118358292
-0.20041847229003906,-0.4844626188278198,0.5021944818136679,1791572810146214460
0.10462242364883423,0.11694234609603882,0.4575772015100574,1791572810176226887
-0.37095320224761963,0.4700319766998291,0.4760646075770322,1791572810206138135
0.25009649991989136,-0.5112728476524353,0.49148442270799675,1791572810236039445
-0.12123847007751465,0.12878501415252686,0.4698262892930836,1791572810266007893
0.4500928521156311,0.848508358001709,0.4341775546566907,1791572810296037799
-0.45106279850006104,-0.7738439440727234,0.4026250502621215,1791572810326380841
0.04885202646255493,-0.10417479276657104,0.39615483266662455,1791572810358666555
-0.3015027642250061,1.0165034532546997,0.48557975807347026,1791572810385881240
0.22391748428344727,-0.7121362686157227,0.42238757599905674,1791572810415982482
-0.2655918002128601,0.21962326765060425,0.40750967717516384,1791572810445761958
-0.217695951461792,0.39170193672180176,0.3995963550630562,1791572810475747721
-0.10188949108123779,-0.6045030355453491,0.4205081998599975,1791572810505646092
0.04140949249267578,0.4903731942176819,0.43106798283609354,1791572810535663515
0.22769230604171753,0.5850839614868164,0.4244582455501318,1791572810565291943
-0.280941903591156,-0.5824494957923889,0.33963896218890277,1791572810598431158
-0.09274125099182129,-0.16364634037017822,0.4622015071250754,1791572810624504194
-0.11990785598754883,0.569320559501648,0.4276149459573164,1791572810654625940
-0.09653609991073608,-0.26252132654190063,0.4244368906346069,1791572810685347632
0.2878526449203491,0.2863813638687134,0.4374304763487119,1791572810715349444
0.20828509330749512,0.29412341117858887,0.458246025696813,1791572810744291203
-0.3320460319519043,-0.8348385691642761,0.3940857753879341,1791572810775252054
0.1326768398284912,0.6765929460525513,0.3740825879187535,1791572810806789588
-0.05191010236740112,0.6618149280548096,0.34757060849982657,1791572810838484567
-0.007519960403442383,-1.0185195207595825,0.4020078604574965,1791572810865136121
0.21302449703216553,0.6306682229042053,0.38760344825829207,1791572810895098162
-0.48539459705352783,0.029114961624145508,0.39838228170576945,1791572810924996391
0.16416019201278687,-0.701127827167511,0.39269230983718467,1791572810954984543
-0.04976785182952881,0.995460569858551,0.42695796610159376,1791572810984937951
0.42829418182373047,-0.3030429482460022,0.3950341176812887,1791572811014900358
-0.25946271419525146,-0.6226611733436584,0.34283266014198965,1791572811046139475
0.3119462728500366,1.1120011806488037,0.3625900550263972,1791572811078169875
0.008521735668182373,1.1738823652267456,0.41673767234971676,1791572811114779046
0.10656344890594482,-1.2623449563980103,0.37561123241774846,1791572811144647396
-0.24184739589691162,0.6973598003387451,0.3667819501883925,1791572811174673228
-0.22866129875183105,0.48977750539779663,0.351991802263382,1791572811206436531
-0.27305662631988525,-1.252522587776184,0.33996857573704664,1791572811237392947
0.43325650691986084,-0.6004507541656494,0.38957336212298677,1791572811274491735
-0.19150203466415405,1.208470344543457,0.36337280492660795,1791572811304418353
0.42586976289749146,-0.8376560211181641,0.34407418799930684,1791572811334392784
0.2215743064880371,0.2244720458984375,0.31469157537353104,1791572811366430937
-0.4117380380630493,0.8168849945068359,0.34042590015038005,1791572811396235982
-0.16462856531143188,-0.23473423719406128,0.409665518541457,1791572811433331991
-0.15955084562301636,-0.7784261107444763,0.40863147843908115,1791572811463322042
0.23791420459747314,0.19459956884384155,0.3475615578547545,1791572811494282406
-0.149946391582489,0.3936193585395813,0.25560051438885506,1791572811526195345
0.49682337045669556,-0.670198917388916,0.3504399847917993,1791572811554087381
-0.33490318059921265,0.7351281642913818,0.3890464972354152,1791572811583963772
0.6537275314331055,0.06773585081100464,0.3584878212067841,1791572811613939510
-0.31078654527664185,-0.4338170289993286,0.32761980808405705,1791572811643908028
0.5179888010025024,0.47883039712905884,0.3595308179682185,1791572811673825995
-0.3773626685142517,-0.47986018657684326,0.3671565347472462,1791572811703908409
0.6220236420631409,0.07563358545303345,0.34222741372313453,1791572811734501984
0.07620614767074585,1.0358532667160034,0.3034934446188588,1791572811767126719
-0.08828377723693848,-0.8250420689582825,0.36037665951393505,1791572811794058901
0.35977452993392944,0.05356597900390625,0.3400839333443233,1791572811823583906
-0.3598756790161133,0.5227949619293213,0.3366919063931515,1791572811853534931
0.5729763507843018,-0.6144084930419922,0.3202998782188486,1791572811883532450
-0.09516638517379761,0.48116642236709595,0.35306198766871144,1791572811913495798
0.28450608253479004,0.07919353246688843,0.31636064974217454,1791572811943521940
-0.5002847909927368,-0.6271282434463501,0.285768553851696,1791572811974379358
0.3437018394470215,0.9164459705352783,0.2821867159983544,1791572812006219350
-0.5373683571815491,-0.35549283027648926,0.3239423564841347,1791572812033352434
0.364093542098999,-0.20197224617004395,0.3342596587429772,1791572812063206084
-0.19751989841461182,0.9825479984283447,0.34343506271551116,1791572812093178232
0.27647095918655396,-0.7772045731544495,0.3238557335815266,1791572812123170777
0.208698570728302,0.46119898557662964,0.31005158870258903,1791572812153125523
-0.20878809690475464,-0.032713234424591064,0.2946636501593718,1791572812183140569
-0.06768101453781128,-0.3989413380622864,0.2799367193545156,1791572812215138781
-0.09889394044876099,1.0241163969039917,0.32851455492171383,1791572812245381216
-0.03299105167388916,-0.41441917419433594,0.34196700198397983,1791572812273096774
0.20710819959640503,-0.18011510372161865,0.28732753962344104,1791572812303090175
-0.07838606834411621,0.459835946559906,0.3127201952265554,1791572812332992827
-0.07899308204650879,-0.5829652547836304,0.29789227105648913,1791572812363064475
0.123135507106781,0.41845911741256714,0.3174790454618471,1791572812392976010
-0.17141664028167725,0.34322863817214966,0.30459258709465503,1791572812422989387
0.3004792332649231,-0.432672381401062,0.27910562866164124,1791572812454244306
0.09549099206924438,0.5115203857421875,0.30545502866650714,1791572812484394150
-0.44790440797805786,-0.2766907215118408,0.31743983240487506,1791572812512913076
0.3522041440010071,-0.03588449954986572,0.2905084070503465,1791572812542940307
-0.374245822429657,0.5415282249450684,0.31059733270249823,1791572812572860573
0.624042809009552,-0.4893677830696106,0.30005291081787927,1791572812602930395
-0.19412261247634888,0.3779867887496948,0.2760954364678723,1791572812632848310
0.1107906699180603,-0.055535852909088135,0.30151929104562863,1791572812663140380
-0.21580135822296143,-0.026931464672088623,0.2714776940329742,1791572812694241789
-0.01890707015991211,0.5071216225624084,0.31986007178997194,1791572812723319903
-0.29243069887161255,-0.33218127489089966,0.30406809112435457,1791572812752846962
-0.12503039836883545,0.0762433409690857,0.3019590475469586,1791572812782495714
0.06751453876495361,0.3435049057006836,0.31400222602270544,1791572812812086363
0.44442081451416016,-0.15728718042373657,0.2852716746767177,1791572812843019659
-0.0018428564071655273,-0.028224289417266846,0.27615396992611674,1791572812872043081
-0.14117717742919922,0.5145954489707947,0.24754580776139715,1791572812902458620
0.1590747833251953,-0.6029442548751831,0.26162927131098784,1791572812934200576
-0.20492887496948242,0.5924907326698303,0.29794254349409405,1791572812961930955
-0.09584367275238037,-0.09053832292556763,0.2656019042919324,1791572812991839057
0.1702742576599121,-0.458537220954895,0.28099477733750483,1791572813021793049
0.38497376441955566,0.9577182531356812,0.29854050024747464,1791572813051672135
0.019203364849090576,-0.47137415409088135,0.24525821528314234,1791572813081618133
0.12051093578338623,0.1535091996192932,0.2354165156106881,1791572813111747604
-0.2970046401023865,0.35578906536102295,0.25887714698198705,1791572813142572307
-0.24199461936950684,-0.5113515257835388,0.2685321269253718,1791572813174727146
0.32224833965301514,0.6897595524787903,0.3244183321794215,1791572813201516926
-0.5643969774246216,-0.19828301668167114,0.27122918350975705,1791572813231354489
0.4112284183502197,-0.3146664500236511,0.28573949525401626,1791572813261346574
-0.25647902488708496,0.5710688829421997,0.30205599734820926,1791572813290318573
0.2988978624343872,-0.47934359312057495,0.2631320268879487,1791572813321257364
0.17094677686691284,0.3242802619934082,0.27637905575320404,1791572813351228861
-0.4065917134284973,-0.20297223329544067,0.24084686575358377,1791572813382737677
-0.05999797582626343,-0.07676434516906738,0.23887800480118979,1791572813414545133
-0.2578675150871277,0.7628206014633179,0.2681223437735609,1791572813441122800
0.11750447750091553,-0.6926108598709106,0.25138077963216743,1791572813470994238
0.07771551609039307,0.49966293573379517,0.23630501035485682,1791572813494744813
-0.25609493255615234,-0.3680586814880371,0.3072938547444239,1791572813520996618
0.19095849990844727,0.3834404945373535,0.23453530841386358,1791572813550879513
-0.4285828471183777,0.19923168420791626,0.24207070249492127,1791572813580822603
0.3184558153152466,-0.511367917060852,0.2502118075711212,1791572813610833200
-0.3058969974517822,0.5500158667564392,0.25652921952315577,1791572813640765034
-0.0296899676322937,-0.43751251697540283,0.26564074480920835,1791572813670671119
-0.12571531534194946,0.2172185778617859,0.24735222824020728,1791572813702425096
0.7681863903999329,0.1530756950378418,0.27488493521452073,1791572813732538946
0.05793505907058716,-0.12615174055099487,0.24187847356897949,1791572813760643713
-0.12116259336471558,0.21437621116638184,0.25435447374908343,1791572813790497891
-0.15493535995483398,-0.1331624984741211,0.2606009085276896,1791572813820453284
0.00579303503036499,0.14028173685073853,0.2697146622905942,1791572813850399668
-0.057041943073272705,0.2710840106010437,0.25162273016998843,1791572813880385681
0.061518967151641846,-0.6589967012405396,0.2558279859498019,1791572813910465207
0.5499817132949829,0.5291669368743896,0.21858736070242094,1791572813943476023
-0.09728085994720459,-0.007737874984741211,0.22761449780180992,1791572813970283874
0.25726962089538574,-0.17354357242584229,0.2378101698307451,1791572814000209433
0.24215567111968994,0.35584408044815063,0.27090909464755314,1791572814030098693
0.18341851234436035,-0.4389525055885315,0.235404546691303,1791572814060104674
-0.23823010921478271,0.8316459655761719,0.22864411531080778,1791572814090065907
0.14944696426391602,-0.3895307183265686,0.2096126100170053,1791572814120010965
0.11428993940353394,-0.19157737493515015,0.20950067460641283,1791572814150514195
0.34139662981033325,0.4472184181213379,0.25852952033961324,1791572814182348944
-0.4465909004211426,-0.29364514350891113,0.24736663590866476,1791572814209980539
0.32458800077438354,-0.35439735651016235,0.22948088020903204,1791572814240106712
-0.4094400405883789,0.5123659372329712,0.21796753338492195,1791572814269851918
0.433987557888031,-0.48647552728652954,0.21336627826604926,1791572814299792403
-0.6070045828819275,0.26650744676589966,0.27601753884133196,1791572814328671026
0.45615851879119873,-0.1120501160621643,0.2719513245837892,1791572814358669042
-0.4994155168533325,-0.010962843894958496,0.21549622207718186,1791572814390974764
0.7143703699111938,0.23256802558898926,0.1929766674314742,1791572814423000488
-0.5351698994636536,-0.39233309030532837,0.23138967807023966,1791572814449579686
0.6259012222290039,0.20074260234832764,0.21745091851170742,1791572814479446563
-0.5006107687950134,0.08457422256469727,0.2366329417960361,1791572814509476238
0.3120530843734741,0.1173296570777893,0.2345044467309958,1791572814539411154
0.08372819423675537,0.10240936279296875,0.2516007763686477,1791572814569272856
-0.4058665633201599,-0.14024317264556885,0.23699520411108718,1791572814599347519
0.548314094543457,0.3008986711502075,0.23493366253221923,1791572814630854769
-0.6378659605979919,-0.1669958233833313,0.20651974223516079,1791572814662460946
0.7492255568504333,-0.22011595964431763,0.22068889222595375,1791572814689162270
-0.03958475589752197,0.25751394033432007,0.20169950984338336,1791572814719134859
0.21408474445343018,-0.17132318019866943,0.2067923021701998,1791572814749052641
-0.040408968925476074,0.373441219329834,0.2375385233260025,1791572814778984260
-0.038742661476135254,-0.16152095794677734,0.22452464847978118,1791572814808959639
0.49641770124435425,-0.1361975073814392,0.22092703224609408,1791572814838930854
-0.33987653255462646,0.5489144921302795,0.1943918652279757,1791572814870834445
0.17108601331710815,-0.5063697099685669,0.2091322118257911,1791572814901561753
-0.42021632194519043,0.39197200536727905,0.24481130403907922,1791572814928762569
0.33780932426452637,-0.291806697845459,0.22769140577906224,1791572814957751927
-0.05893486738204956,0.4076915979385376,0.2001420686521721,1791572814980942578
0.44882941246032715,0.34931421279907227,0.2498408685192368,1791572815018608343
-0.16241490840911865,-0.3547143340110779,0.1876442332688352,1791572815048548646
0.2502307891845703,0.2824726700782776,0.19600377594361404,1791572815078709588
-0.4709659814834595,-0.045807600021362305,0.18635102649579727,1791572815110545794
-0.2786349654197693,-0.0555385947227478,0.21837755529380168,1791572815138508208
-0.08498674631118774,0.24040311574935913,0.21188491310655133,1791572815168343161
-0.2542758584022522,-0.28480464220046997,0.2199536283959219,1791572815197316321
0.687353253364563,0.2623518109321594,0.1981735498167256,1791572815228228867
-0.4185255765914917,-0.06169694662094116,0.17755375029932088,1791572815258273989
0.040424227714538574,0.0961219072341919,0.19912096683338287,1791572815288169972
-0.1521269679069519,0.10914218425750732,0.2244635029206322,1791572815319019416
0.16216105222702026,-0.1088523268699646,0.21145739770642227,1791572815351195635
-0.07207262516021729,0.2566896677017212,0.2401257764628819,1791572815378154539
-0.18995404243469238,-0.1422637701034546,0.19715765044817166,1791572815408012978
0.06928163766860962,-0.006448030471801758,0.22430640762681847,1791572815438022471
0.16330450773239136,-0.017418742179870605,0.23971117051493804,1791572815468128112
0.05158042907714844,0.18736129999160767,0.18863929522019485,1791572815498155710
0.05998879671096802,-0.1512724757194519,0.21077289508008826,1791572815527976802
0.03909111022949219,0.14728128910064697,0.19143628878929542,1791572815558490601
0.22908049821853638,-0.050379395484924316,0.1773250789799833,1791572815589773304
-0.20999574661254883,-0.08719521760940552,0.21676742301664395,1791572815617721990
-0.00918114185333252,-0.016492187976837158,0.2175785139284852,1791572815647892170
-0.1848818063735962,0.3258650302886963,0.20350232072225463,1791572815677601630
0.07157295942306519,-0.09722739458084106,0.16961480427856102,1791572815708150358
-0.46682190895080566,-0.09859603643417358,0.19312713044659716,1791572815738046334
0.4170902371406555,0.1228867769241333,0.21728097904149496,1791572815767951118
-0.4336041808128357,-0.1732354760169983,0.20221628472518294,1791572815798856183
0.5427218675613403,0.26983898878097534,0.2121621350832696,1791572815830844623
-0.2250443696975708,-0.22025054693222046,0.2315570367836796,1791572815857985261
0.06062847375869751,0.08070087432861328,0.1781504012897208,1791572815887904079
-0.1755571961402893,0.15575909614562988,0.2064830326314988,1791572815917248552
-0.4110601544380188,-0.16366499662399292,0.19460333878733527,1791572815947226682
0.5063267946243286,0.1490827202796936,0.20536025990897602,1791572815977162182
-0.717880368232727,-0.20510339736938477,0.20299140755498207,1791572816007070551
1.0125203132629395,0.05015730857849121,0.19024762253266495,1791572816038665336
-0.4839403033256531,0.16629719734191895,0.212917262477389,1791572816069788993
0.5378392338752747,-0.3712145686149597,0.22081425667730598,1791572816096993339
-0.3084743022918701,0.48250728845596313,0.17432108847830363,1791572816126887079
0.4347277879714966,-0.44563502073287964,0.1733373554052934,1791572816156827257
0.13381516933441162,0.39488571882247925,0.19279975209960892,1791572816185746645
-0.3841407895088196,0.022106587886810303,0.15258501463197946,1791572816216693261
0.029497981071472168,-0.40060955286026,0.16946520978140886,1791572816247120573
-0.37088102102279663,0.10345107316970825,0.20948431558044753,1791572816278659437
0.5758010149002075,-0.15386658906936646,0.21765482255970747,1791572816308602001
-0.050464510917663574,0.4065825939178467,0.21386678844987067,1791572816336589013
0.17475217580795288,-0.31918448209762573,0.18038546232387098,1791572816366501594
0.09715193510055542,0.026301205158233643,0.1529929910183412,1791572816396495335
-0.1669185757637024,0.23231643438339233,0.16467060758923777,1791572816426423683
0.0676848292350769,-0.1284615397453308,0.18542842216570446,1791572816456614680
0.36719971895217896,0.10364651679992676,0.21196356644361974,1791572816486454784
-0.2230866551399231,-0.02469027042388916,0.17198028040906743,1791572816518388531
-0.12029808759689331,0.055112600326538086,0.19718401329170493,1791572816546234965
0.04818016290664673,0.03164935111999512,0.1813835242373983,1791572816576153984
-0.14410895109176636,-0.07013130187988281,0.1878975698079863,1791572816606118295
-0.2034558653831482,0.2039392590522766,0.17919256489540664,1791572816636049373
0.07248437404632568,-0.2532404065132141,0.19752407769697827,1791572816665975749
-0.13007771968841553,0.25837165117263794,0.2096660729236921,1791572816696095828
0.527263879776001,0.03479158878326416,0.20548395530314492,1791572816726486631
-0.5702687501907349,0.056726157665252686,0.1596349981985337,1791572816758932344
0.39522403478622437,-0.023049771785736084,0.20559661193799153,1791572816785866340
-0.5668295621871948,-0.24713456630706787,0.17558080529185371,1791572816814760859
0.21834641695022583,0.29153913259506226,0.16126248875883772,1791572816845687158
-0.6538875699043274,-0.10586541891098022,0.16811127684956698,1791572816875670919
0.26726973056793213,-0.0074571967124938965,0.16859620379863788,1791572816905911840
-0.32595014572143555,0.056718647480010986,0.1950988444459235,1791572816935583984
-0.07207721471786499,-0.16732639074325562,0.17276357791879413,1791572816966512695
0.2425072193145752,0.36361420154571533,0.17266297468570552,1791572816999023114
0.28507131338119507,0.36113131046295166,0.20920073490207686,1791572817034770530
-0.35278552770614624,-0.34701770544052124,0.17342838908739736,1791572817065520525
0.27184832096099854,0.33436137437820435,0.20291685024569814,1791572817095439158
-0.3388630151748657,0.04225635528564453,0.16132507138134064,1791572817126471358
-0.2903580665588379,-0.286825954914093,0.1517111509827807,1791572817158493108
0.2382822036743164,0.3005943298339844,0.21098580387702304,1791572817185201169
-0.5102660655975342,-0.3347834348678589,0.1727475597886905,1791572817215136313
0.33971554040908813,0.2206462025642395,0.17178747256974547,1791572817245102856
-0.5217708945274353,0.08846074342727661,0.1618708121579718,1791572817275099215
0.38753730058670044,-0.18305033445358276,0.1876345472993332,1791572817305000693
-0.2550748586654663,0.08655518293380737,0.18973187482023726,1791572817335420032
-0.009009242057800293,-0.019775867462158203,0.1905405541222852,1791572817366558678
-0.1659543514251709,0.43459808826446533,0.15910001570969162,1791572817397615514
0.03720289468765259,-0.3988803029060364,0.1688221680432843,1791572817424817452
0.034213125705718994,-0.04415571689605713,0.16347126230432135,1791572817454739988
0.19088047742843628,-0.10868346691131592,0.1564090218357917,1791572817477218880
-0.01802849769592285,0.09757262468338013,0.19469222574601167,1791572817514707237
0.11554878950119019,-0.1581687331199646,0.19501534393053593,1791572817544638535
-0.2740741968154907,0.1366165280342102,0.15914554171052234,1791572817574599252
0.418714702129364,-0.07158088684082031,0.1652771779929611,1791572817606778391
-0.4992162585258484,0.06344687938690186,0.17653589632402522,1791572817636562707
0.3286740779876709,0.058958470821380615,0.17414229572522913,1791572817674437095
-0.4015832543373108,0.06245386600494385,0.16980375000737627,1791572817704404452
0.5567399859428406,-0.12900471687316895,0.18123741372339497,1791572817734524637
-0.6252492070198059,0.11532044410705566,0.136725740046376,1791572817766777517
0.8269202709197998,-0.013733267784118652,0.1707958190713929,1791572817793300870
-0.29082465171813965,0.027769923210144043,0.1258496097901717,1791572817824161847
0.28440725803375244,-0.06246030330657959,0.17031901398978408,1791572817854155496
-0.4725441336631775,-0.11885392665863037,0.16782115699267447,1791572817884130488
0.650870144367218,0.4743127226829529,0.16083343059491423,1791572817914043528
-0.48867660760879517,-0.17907077074050903,0.1590443334794631,1791572817944030478
0.8231810331344604,-0.050335466861724854,0.15451181873971245,1791572817974998976
-0.3983696699142456,0.06106257438659668,0.14248059809694125,1791572818007091993
0.0480266809463501,-0.1489393711090088,0.19178540487129425,1791572818033900937
-0.384213924407959,0.6439244151115417,0.1771950676670654,1791572818063865351
0.05418294668197632,-0.3711860179901123,0.1593647878442833,1791572818093756892
-0.4118857979774475,0.08010321855545044,0.16963287439086644,1791572818123720822
0.0834805965423584,-0.12181788682937622,0.18093620668891602,1791572818153718878
0.08200883865356445,-0.06373780965805054,0.14202130659886233,1791572818183648213
0.3886796236038208,0.2285773754119873,0.15248395388842367,1791572818214569208
-0.44466376304626465,-0.1735268235206604,0.1514239643601392,1791572818246689321
0.045993268489837646,0.3561010956764221,0.1818889427491766,1791572818273500369
-0.6179805994033813,-0.13637953996658325,0.17508673472681102,1791572818303532130
0.1469917893409729,0.0631716251373291,0.17484182990548294,1791572818333490912
0.05146437883377075,-0.13909536600112915,0.15947432007490658,1791572818363559602
-0.062094926834106445,0.037068843841552734,0.1334725027952473,1791572818393503657
0.19496959447860718,0.14488929510116577,0.14733940151369998,1791572818423547105
-0.04571998119354248,-0.08065736293792725,0.10489935220053054,1791572818454777225
-0.011250734329223633,-0.1114354133605957,0.14519285302652324,1791572818486074751
-0.06004893779754639,0.22218060493469238,0.18238165843276394,1791572818513691033
0.03896796703338623,-0.06238645315170288,0.16365093939751538,1791572818543423428
-0.40383589267730713,0.1107172966003418,0.17432493261135926,1791572818573222105
0.6809597611427307,-0.09881395101547241,0.16443991177341216,1791572818602375400
-0.3420342206954956,0.02997756004333496,0.159200607647316,1791572818633209764
0.056725502014160156,-0.14437878131866455,0.16862882542096583,1791572818663259831
-0.025686919689178467,0.20053023099899292,0.1622209063668877,1791572818694569493
-0.12428009510040283,0.12565094232559204,0.1577689208867204,1791572818725359454
0.022371888160705566,-0.0767412781715393,0.1862141189424631,1791572818753188631
0.09852087497711182,0.039021849632263184,0.19866849726467864,1791572818783195821
0.0592573881149292,-0.1200418472290039,0.16878103013664575,1791572818813155035
-0.0902823805809021,0.16570907831192017,0.14973197774996044,1791572818843182486
-0.12122702598571777,-0.06170821189880371,0.11863742370517151,1791572818873120284
-0.042257726192474365,-0.2424788475036621,0.11500718522631515,1791572818903147811
-0.2806883454322815,0.2684347629547119,0.12435258846359139,1791572818934990138
0.1808794140815735,-0.08977770805358887,0.1679419710381678,1791572818962463313
-0.12850618362426758,0.30580753087997437,0.1365347944743407,1791572818992420370
0.4939368963241577,-0.30586034059524536,0.1367462891969592,1791572819021304460
-0.46911901235580444,0.19656747579574585,0.13522223504163944,1791572819051308981
0.0458034873008728,0.09396117925643921,0.14308651963375058,1791572819082267475
-0.5466063022613525,-0.25534379482269287,0.1412154087885522,1791572819112193088
0.32356035709381104,0.1389104127883911,0.15221650932525244,1791572819142704483
-0.5732794404029846,-0.31677311658859253,0.1283481605924226,1791572819174579181
0.6006545424461365,0.16907048225402832,0.17271415373697538,1791572819202176475
-0.4022594690322876,0.08444297313690186,0.1441475183712056,1791572819232052380
-0.08621984720230103,0.02178746461868286,0.15393770357545836,1791572819261899318
0.07652837038040161,0.1743084192276001,0.14938430224454322,1791572819291913924
0.019567131996154785,-0.13439911603927612,0.13386885956046984,1791572819321821248
-0.06674718856811523,0.13063424825668335,0.15895299977947513,1791572819351856716
-0.08006322383880615,-0.05823230743408203,0.1556075004635115,1791572819383104808
0.43930500745773315,-0.057804763317108154,0.1593249330078175,1791572819414596770
-0.35311055183410645,-0.07364785671234131,0.1706633098843753,1791572819441735497
-0.06080591678619385,0.2656733989715576,0.12222904852837872,1791572819471595969
0.024153530597686768,0.05464053153991699,0.12845398556586662,1791572819501604053
-0.04145604372024536,-0.19151169061660767,0.151216822106938,1791572819531496650
0.21710121631622314,0.02967315912246704,0.15649965228567042,1791572819561477481
0.20179414749145508,-0.03128689527511597,0.15589011166589878,1791572819591454555
0.02185189723968506,0.3751046657562256,0.12362708936208845,1791572819622818099
-0.01402193307876587,-0.1982077956199646,0.12789727984260776,1791572819654891408
0.27170807123184204,-0.29407477378845215,0.1478063168329172,1791572819691336504
-0.4478427767753601,0.40087634325027466,0.14412508792837103,1791572819721193547
-0.0855981707572937,-0.2925816774368286,0.1534481871453212,1791572819751204893
0.02963024377822876,0.06578946113586426,0.13942951920109808,1791572819782749568
0.11535727977752686,0.058274269104003906,0.13610990180874913,1791572819813770323
-0.2697450518608093,-0.12550121545791626,0.14531222165899746,1791572819841333999
-0.2728595733642578,0.3251371383666992,0.1513582161031108,1791572819871132387
0.032540977001190186,-0.2091618776321411,0.15707683817937537,1791572819899941422
-0.20250391960144043,-0.11431384086608887,0.140533937389259,1791572819930902517
0.35742050409317017,0.30773961544036865,0.128754415640692,1791572819960845397
0.03072124719619751,-0.26293742656707764,0.1306400193227963,1791572819990777358
0.518134355545044,0.3854082226753235,0.13084732943699776,1791572820023616359
-0.12427020072937012,-0.06786578893661499,0.11621860737549349,1791572820052786700
-0.08236318826675415,0.304446816444397,0.15009116336438547,1791572820080635930
-0.21032166481018066,-0.3042824864387512,0.15037564901751038,1791572820110626583
-0.03789925575256348,0.15670114755630493,0.1407110067321067,1791572820140563591
0.16510409116744995,-0.13603073358535767,0.13646483282360777,1791572820170502115
-0.02807331085205078,-0.17805486917495728,0.11981993024181183,1791572820200521711
0.32291626930236816,0.36078834533691406,0.10877222465289892,1791572820230948128
-0.40888816118240356,-0.11014491319656372,0.12330375104993448,1791572820262749281
-0.035751938819885254,0.19685357809066772,0.15142441020742714,1791572820290392119
-0.10429000854492188,0.09592676162719727,0.145530828002043,1791572820320279353
-0.24871927499771118,-0.20775479078292847,0.1369494357108574,1791572820350188576
0.25837618112564087,0.20396864414215088,0.15672688652125488,1791572820380230889
-0.3019586205482483,-0.1139751672744751,0.142727482828057,1791572820410178857
0.2933192253112793,0.037217557430267334,0.1376638249612247,1791572820440077875
-0.5923569798469543,-0.21551048755645752,0.11317305791631423,1791572820471563502
0.2937641143798828,0.36479610204696655,0.12223344664581698,1791572820502854881
-0.5074071288108826,-0.07056063413619995,0.13994575304608126,1791572820528973998
0.18148291110992432,-0.06626951694488525,0.11551924115554006,1791572820559887798
-0.2160925269126892,0.0697321891784668,0.1486774362174822,1791572820589880626
0.22363966703414917,-0.04250741004943848,0.1459002913673756,1791572820619807765
