x, y, th, stamp, 
-0.5733203887939453,-1.1525064706802368,-2.002794284750268,1791572795320065843
-0.5733203887939453,-1.1525064706802368,-2.0027943134632857,1791572795369912525
-0.5733203887939453,-1.1525064706802368,-2.0027943134632857,1791572795431929426
-0.5733203887939453,-1.1525064706802368,-2.0027941805269776,1791572795461937137
-0.5733705163002014,-1.152535080909729,-2.002362181084183,1791572795528567063
-0.5739710927009583,-1.153786540031433,-1.9906729140107169,1791572795572983185
-0.5755742192268372,-1.157407522201538,-1.9700498774319444,1791572795623183786
-0.5778202414512634,-1.1625349521636963,-1.9461947252021938,1791572795672241231
-0.5803041458129883,-1.1689722537994385,-1.9142333935671692,1791572795723920899
-0.5826627016067505,-1.1759940385818481,-1.879533764818862,1791572795768383899
-0.5862881541252136,-1.1874080896377563,-1.8156606482466777,1791572795833209088
-0.587659478187561,-1.1930484771728516,-1.7841097455831407,1791572795861478070
-0.5900114178657532,-1.2030199766159058,-1.7302792358633436,1791572795912161797
-0.5921282172203064,-1.2144659757614136,-1.6670389331960425,1791572795971952955
-0.5932974815368652,-1.223819375038147,-1.6161875207748913,1791572796022114359
-0.5939987301826477,-1.2334743738174438,-1.5672578850326657,1791572796071809599
-0.5942235589027405,-1.2433290481567383,-1.5152755944660594,1791572796122932731
-0.5941141247749329,-1.252139687538147,-1.4685045880374699,1791572796167921549
-0.5932847261428833,-1.2606556415557861,-1.4245509754749401,1791572796213045346
-0.5918072462081909,-1.2699620723724365,-1.3740319137349306,1791572796261620272
-0.589349627494812,-1.2824121713638306,-1.3071634448666694,1791572796327669509
-0.5872052311897278,-1.2906523942947388,-1.2624479383288465,1791572796372963778
-0.5845420360565186,-1.299729347229004,-1.2120680359986333,1791572796421949779
-0.5810685753822327,-1.3086036443710327,-1.1623396613172947,1791572796471899501
-0.5773033499717712,-1.3176790475845337,-1.1111781349749543,1791572796521963979
-0.5732547044754028,-1.3266925811767578,-1.0590934872306343,1791572796573929931
-0.5695033073425293,-1.3332630395889282,-1.019556547307048,1791572796613047139
-0.5646576285362244,-1.341439962387085,-0.9698374455981792,1791572796661437710
-0.5591053366661072,-1.3498001098632812,-0.9202484096066533,1791572796711525141
-0.5521831512451172,-1.359057903289795,-0.8607159447094971,1791572796772094046
-0.5460193157196045,-1.366411805152893,-0.8114267462978089,1791572796821982582
-0.5396595597267151,-1.3735969066619873,-0.7614119004928993,1791572796871902387
-0.5330158472061157,-1.3800245523452759,-0.708391125837434,1791572796922205263
-0.5258627533912659,-1.3862872123718262,-0.6559489339212043,1791572796972944257
-0.51983642578125,-1.3911733627319336,-0.6148607714272943,1791572797013043698
-0.5120684504508972,-1.396589756011963,-0.5664776044652082,1791572797061542774
-0.503964364528656,-1.4020724296569824,-0.517991522306933,1791572797111378351
-0.49417126178741455,-1.4073883295059204,-0.45960495643662685,1791572797171970991
-0.48556825518608093,-1.4117684364318848,-0.40960201431182575,1791572797222026397
-0.4771134853363037,-1.4156394004821777,-0.3595267620359513,1791572797272043117
-0.4683913290500641,-1.4190547466278076,-0.30862761224478846,1791572797321981861
-0.4596969485282898,-1.4221973419189453,-0.25972610803455976,1791572797369157912
-0.45087942481040955,-1.4245641231536865,-0.2117270855411759,1791572797415615727
-0.4390832781791687,-1.4271420240402222,-0.14730407902682177,1791572797478688286
-0.42960721254348755,-1.4286688566207886,-0.09697187043368817,1791572797529186397
-0.4210756719112396,-1.4295830726623535,-0.047971488366525254,1791572797575730320
-0.41124966740608215,-1.4299854040145874,0.0019444076450639129,1791572797626159390
-0.4031246304512024,-1.429829716682434,0.043011178494496496,1791572797667909611
-0.39256054162979126,-1.4293054342269897,0.09844835983695067,1791572797721919403
-0.38289695978164673,-1.4284765720367432,0.14917858562257258,1791572797772942360
-0.3753833770751953,-1.427760124206543,0.19125684769072301,1791572797813054552
-0.36623650789260864,-1.425870656967163,0.24294292056405525,1791572797861501189
-0.35280078649520874,-1.422763466835022,0.31330626278459095,1791572797933195322
-0.3454618453979492,-1.4206875562667847,0.3548416894976133,1791572797973334906
-0.3367186486721039,-1.4172487258911133,0.40298502317845997,1791572798021961316
-0.32751399278640747,-1.413661241531372,0.45198517174881475,1791572798071913858
-0.3185907304286957,-1.4091745615005493,0.5013435608556588,1791572798122170559
-0.3097633719444275,-1.4047106504440308,0.5522961652630027,1791572798172905795
-0.3030206859111786,-1.400638222694397,0.5926964042299677,1791572798212960014
-0.295104444026947,-1.3954412937164307,0.6439773490697357,1791572798261800142
-0.2843859791755676,-1.3878076076507568,0.7156444904243596,1791572798332315111
-0.2786913812160492,-1.3826909065246582,0.7564285635959452,1791572798372965188
-0.2716471552848816,-1.3763540983200073,0.8065062560075329,1791572798421986774
-0.2649398446083069,-1.3695188760757446,0.8560727996798918,1791572798471915013
-0.25862637162208557,-1.3624154329299927,0.907547885701445,1791572798522010004
-0.25216740369796753,-1.354844093322754,0.9592623147284881,1791572798572913805
-0.24743910133838654,-1.3483775854110718,1.0012989601523898,1791572798612952288
-0.24217970669269562,-1.340536117553711,1.0526313307858994,1791572798661761963
-0.23745422065258026,-1.332265853881836,1.1011991072750256,1791572798712001196
-0.2321440577507019,-1.3220784664154053,1.1608654726588337,1791572798772038447
-0.22824805974960327,-1.3132320642471313,1.2111851951891592,1791572798821992185
-0.2247231900691986,-1.3041903972625732,1.261102466933834,1791572798871918619
-0.2217651903629303,-1.2947272062301636,1.3123691856456627,1791572798922069281
-0.21892333030700684,-1.2852686643600464,1.3644323245201964,1791572798972912458
-0.217154860496521,-1.2777862548828125,1.4048171166199006,1791572799012963251
-0.21561357378959656,-1.2679530382156372,1.4551870478971138,1791572799064031303
-0.21394310891628265,-1.2546888589859009,1.5251881723823344,1791572799132592217
-0.2137848436832428,-1.2473289966583252,1.5653202295162507,1791572799172971863
-0.2134503871202469,-1.2376490831375122,1.616620565032183,1791572799223997660
-0.21380630135536194,-1.227981448173523,1.664888575552338,1791572799271917944
-0.21486987173557281,-1.21815025806427,1.7145971576428176,1791572799321967112
-0.21579432487487793,-1.2086117267608643,1.7660701567200126,1791572799372911827
-0.21741166710853577,-1.2006261348724365,1.8054638708587312,1791572799412955590
-0.21967795491218567,-1.1913340091705322,1.8545677148269024,1791572799462683406
-0.22329594194889069,-1.1783555746078491,1.9241935181837115,1791572799532626813
-0.22575119137763977,-1.1712573766708374,1.965897744019232,1791572799573063017
-0.2292744219303131,-1.162375569343567,2.0186309667135047,1791572799623276767
-0.23350603878498077,-1.153650164604187,2.067384748409428,1791572799671923782
-0.23788855969905853,-1.145198941230774,2.118566566183668,1791572799721934070
-0.24285803735256195,-1.1367535591125488,2.169326773676981,1791572799771925752
-0.24715636670589447,-1.1300239562988281,2.209836247682251,1791572799812963671
-0.25275954604148865,-1.1224702596664429,2.259121937850147,1791572799862467115
-0.2588292360305786,-1.1152243614196777,2.3083631045038224,1791572799911649636
-0.26634952425956726,-1.1067543029785156,2.371415631371989,1791572799972983459
-0.27327075600624084,-1.0999689102172852,2.422926497155572,1791572800023008867
-0.280601441860199,-1.0934052467346191,2.4720508131596173,1791572800071927508
-0.2882246971130371,-1.0873608589172363,2.5220985149867223,1791572800122935750
-0.2958594858646393,-1.0817112922668457,2.5730624180972046,1791572800171927905
-0.3023669123649597,-1.0775306224822998,2.6124010207161565,1791572800213257443
-0.3108895719051361,-1.0722723007202148,2.6643119524623455,1791572800263669082
-0.32283684611320496,-1.0661261081695557,2.7310056773170786,1791572800332137359
-0.32994940876960754,-1.0629487037658691,2.7718815643937926,1791572800372292047
-0.3389609456062317,-1.0593042373657227,2.822876225548252,1791572800423207804
-0.34823381900787354,-1.0561254024505615,2.8767273884807807,1791572800474856576
-0.35696303844451904,-1.053627848625183,2.925944805177656,1791572800522103181
-0.366265207529068,-1.0513510704040527,2.977963192794463,1791572800571012260
-0.3743591904640198,-1.049983263015747,3.0205910242704856,1791572800613976992
-0.38366302847862244,-1.0485285520553589,3.071910608796614,1791572800664059448
-0.393110066652298,-1.0478086471557617,3.1207296816669046,1791572800714162635
-0.4049437344074249,-1.0475715398788452,-3.1025576635472802,1791572800773253354
-0.41428741812705994,-1.047965407371521,-3.0535662265891688,1791572800822169015
-0.42403361201286316,-1.0485502481460571,-3.0012609875659275,1791572800873130752
-0.43332594633102417,-1.0497889518737793,-2.9519829635986543,1791572800920304470
-0.4428797662258148,-1.0515096187591553,-2.9012358098672517,1791572800971129486
-0.4508872628211975,-1.053295373916626,-2.860047357581894,1791572801013000766
-0.46347150206565857,-1.0571837425231934,-2.791532465146148,1791572801081112113
-0.47257760167121887,-1.0601917505264282,-2.742471685700086,1791572801130561566
-0.4802776277065277,-1.0632878541946411,-2.699092320934195,1791572801172354487
-0.4891078770160675,-1.0673139095306396,-2.647153606046122,1791572801222975908
-0.49786946177482605,-1.0717679262161255,-2.5964544108217007,1791572801273157354
-0.5055405497550964,-1.0764011144638062,-2.549024129686939,1791572801319988592
-0.5140254497528076,-1.0816731452941895,-2.4972098225860027,1791572801369986061
-0.5206602215766907,-1.0866247415542603,-2.4563975992329077,1791572801413220165
-0.5308791399002075,-1.0949115753173828,-2.3891804064498032,1791572801479635715
-0.5379974246025085,-1.1011831760406494,-2.3395569245291683,1791572801529726453
-0.5437014102935791,-1.1072534322738647,-2.296805145436678,1791572801573123733
-0.5503759980201721,-1.1144371032714844,-2.2443971546644903,1791572801623087755
-0.5566577911376953,-1.1221896409988403,-2.1947128042589803,1791572801672937529
-0.5626534819602966,-1.1301367282867432,-2.1438459361722453,1791572801723700266
-0.5674415230751038,-1.1375939846038818,-2.097501836662029,1791572801769987643
-0.571720540523529,-1.144637107849121,-2.0531559855737775,1791572801813045088
-0.5761095285415649,-1.1530673503875732,-2.0020098562288053,1791572801863141076
-0.5816680192947388,-1.164625883102417,-1.9364025750870486,1791572801928546851
-0.5849569439888,-1.1729137897491455,-1.8924089146894447,1791572801973169976
-0.5880754590034485,-1.1822588443756104,-1.8438695205080327,1791572802023008142
